{
    "356,400":{
        "number":{
            "background":"0,0",
            "hourHigh":"65,27",
            "hourLow":"116,27",
            "minuteHigh":"195,27",
            "minuteLow":"250,27",
            "maohao":"175,27",
            "weekText":"78,95",
            "dayText":"195,95",
            "weekTextWidth":100,
            "weekTextAlign":2,
            "weekTextFont":5,
            "dayTextWidth":50,
            "dayTextAlign":0,
            "dayTextFont":5
        },
        "point":{
            "hour":"170,121",
            "arcHour":"8,79",
            "minute":"167,75",
            "arcMinute":"11,125",
            "second":"172,49",
            "arcSecond":"6,151"
        }
    },
    "368,448":{
        "number":{
            "background":"0,0",
            "hourHigh":"69,40",
            "hourLow":"120,40",
            "minuteHigh":"199,40",
            "minuteLow":"255,40",
            "maohao":"179,40",
            "weekText":"95,125",
            "dayText":"215,125",
            "weekTextWidth":100,
            "weekTextAlign":2,
            "weekTextFont":5,
            "dayTextWidth":50,
            "dayTextAlign":0,
            "dayTextFont":5
        },
        "point":{
            "hour":"168,128",
            "arcHour":"16,96",
            "minute":"168,88",
            "arcMinute":"16,135",
            "second":"174,60",
            "arcSecond":"10,163"
        }
    },
    "240,240":{
        "number":{
            "background":"0,0",
            "hourHigh":"28,17",
            "hourLow":"68,17",
            "minuteHigh":"140,17",
            "minuteLow":"180,17",
            "maohao":"117,17",
            "weekText":"58,70",
            "dayText":"130,70",
            "weekTextWidth":100,
            "weekTextAlign":2,
            "weekTextFont":4,
            "dayTextWidth":50,
            "dayTextAlign":0,
            "dayTextFont":4
                       
        },
        "point":{
            "hour":"115,65",
            "arcHour":"5,55",
            "minute":"115,23",
            "arcMinute":"5,97",
            "second":"116,9",
            "arcSecond":"4,111"
        }
    },
    "240,280":{
        "number":{
            "background":"0,0",
            "hourHigh":"28,27",
            "hourLow":"68,27",
            "minuteHigh":"140,27",
            "minuteLow":"180,27",
            "maohao":"117,27",
            "weekText":"50,75",
            "dayText":"140,75",
            "weekTextWidth":100,
            "weekTextAlign":2,
            "weekTextFont":4,
            "dayTextWidth":50,
            "dayTextAlign":0,
            "dayTextFont":4
        },
        "point":{
            "hour":"112,83",
            "arcHour":"8,57",
            "minute":"112,40",
            "arcMinute":"8,100",
            "second":"114,27",
            "arcSecond":"6,113"
        }
    },
}
