{
    "356,400":{
        "number":{
            "background":"0,0",
            "hourHigh":"65,27",
            "hourLow":"116,27",
            "minuteHigh":"195,27",
            "minuteLow":"250,27",
            "maohao":"175,27",
            "weekText":"78,95",
            "dayText":"195,95",
            "weekTextWidth":100,
            "weekTextAlign":2,
            "weekTextFont":5,
            "dayTextWidth":50,
            "dayTextAlign":0,
            "dayTextFont":5,
        },
        "point":{
            "hour":"170,121",
            "arcHour":"8,79",
            "minute":"167,75",
            "arcMinute":"11,125",
            "second":"172,49",
            "arcSecond":"6,151"
        }
    },
    "368,448":{
        "number":{
            "background":"0,0",
            "hourHigh":"69,35",
            "hourLow":"120,35",
            "minuteHigh":"199,35",
            "minuteLow":"255,35",
            "maohao":"179,35",
            "weekText":"95,125",
            "dayText":"215,125",
            "weekTextWidth":100,
            "weekTextAlign":2,
            "weekTextFont":5,
            "dayTextWidth":50,
            "dayTextAlign":0,
            "dayTextFont":5,
        },
        "point":{
            "hour":"175,145",
            "arcHour":"8,79",
            "minute":"172,99",
            "arcMinute":"11,125",
            "second":"177,73",
            "arcSecond":"6,151",
        }
    },
    "240,240":{
        "number":{
            "background":"0,0",
            "hourHigh":"49,37",
            "hourLow":"81,37",
            "minuteHigh":"130,37",
            "minuteLow":"162,37",
            "maohao":"113,37",
            "weekText":"80,94",
            "dayText":"133,94",
            "weekTextWidth":50,
            "weekTextAlign":2,
            "weekTextFont":2,
            "dayTextWidth":30,
            "dayTextAlign":1,
            "dayTextFont":2,
        },
        "point":{
            "hour":"108,56",
            "arcHour":"12,64",
            "minute":"108,30",
            "arcMinute":"12,90",
            "second":"112,12",
            "arcSecond":"8,108",
        }
    },
    "240,280":{
        "number":{
            "background":"0,0",
            "hourHigh":"28,27",
            "hourLow":"68,27",
            "minuteHigh":"140,27",
            "minuteLow":"180,27",
            "maohao":"117,27",
            "weekText":"58,75",
            "dayText":"130,75",
            "weekTextWidth":50,
            "weekTextAlign":2,
            "weekTextFont":2,
            "dayTextWidth":30,
            "dayTextAlign":0,
            "dayTextFont":2,
        },
        "point":{
            "hour":"108,76",
            "arcHour":"12,64",
            "minute":"108,50",
            "arcMinute":"12,90",
            "second":"112,32",
            "arcSecond":"8,108",
        }
    },
}
